{
  "name": "<%= lodash.slugify(lodash.humanize(appname)) %>",
  "version": "0.0.0",
  "dependencies": {
    "angular": "~1.5.0",
    "json3": "~3.3.1",
    "es5-shim": "~3.0.1",<% if(filters.bootstrap) { if (filters.sass) { %>
    "bootstrap-sass-official": "~3.1.1",<% } %>
    "bootstrap": "~3.1.1",<% if(filters.oauth) { %>
    "bootstrap-social": "~4.9.1",<% }} %>
    "angular-resource": "~1.5.0",
    "angular-cookies": "~1.5.0",
    "angular-sanitize": "~1.5.0",<% if (filters.ngroute) { %>
    "angular-route": "~1.5.0",<% } if (filters.uibootstrap) { %>
    "angular-bootstrap": "~1.1.2",<% } %>
    "font-awesome": ">=4.1.0",
    "lodash": "~2.4.1"<% if(filters.socketio) { %>,
    "angular-socket-io": "~0.7.0"<% } if (filters.uirouter) { %>,
    "angular-ui-router": "~0.2.15"<% } if (filters.auth) { %>,
    "angular-validation-match": "~1.5.2"<% } %>
  },
  "devDependencies": {
    "angular-mocks": "~1.5.0"
  }
}
